label,pr,epoch,consumer,corpus,group,condition,candidate_over_baseline,candidate_over_expat,regression_percent,slower_than_baseline,source_conditions_csv
doctype,237,1,native,tuning,native-tuning,batik/4096/namespaces-0,0.8215848554033486,0.817501214296931,-17.84151445966514,False,/tmp/xeme-perf-prs-20260913/doctype/epoch-1/conditions.csv
doctype,237,1,native,tuning,native-tuning,batik/4096/namespaces-1,0.8668114669009023,0.9323255113811264,-13.318853309909773,False,/tmp/xeme-perf-prs-20260913/doctype/epoch-1/conditions.csv
doctype,237,1,native,tuning,native-tuning,batik/65536/namespaces-0,0.8107393531252963,0.8888189986628287,-18.92606468747037,False,/tmp/xeme-perf-prs-20260913/doctype/epoch-1/conditions.csv
doctype,237,1,native,tuning,native-tuning,batik/65536/namespaces-1,0.8482200626098777,1.0146343033218823,-15.17799373901223,False,/tmp/xeme-perf-prs-20260913/doctype/epoch-1/conditions.csv
doctype,237,1,native,tuning,native-tuning,docbook/4096/namespaces-0,0.9828231667033693,1.1889685103722853,-1.7176833296630667,False,/tmp/xeme-perf-prs-20260913/doctype/epoch-1/conditions.csv
doctype,237,1,native,tuning,native-tuning,docbook/4096/namespaces-1,0.9884301044265892,1.4756394807471107,-1.1569895573410816,False,/tmp/xeme-perf-prs-20260913/doctype/epoch-1/conditions.csv
doctype,237,1,native,tuning,native-tuning,docbook/65536/namespaces-0,0.9626390185924103,1.2876070268674342,-3.73609814075897,False,/tmp/xeme-perf-prs-20260913/doctype/epoch-1/conditions.csv
doctype,237,1,native,tuning,native-tuning,docbook/65536/namespaces-1,0.9911928992750405,1.559371199806614,-0.8807100724959493,False,/tmp/xeme-perf-prs-20260913/doctype/epoch-1/conditions.csv
doctype,237,1,native,tuning,native-tuning,gtk/4096/namespaces-0,1.016107555944195,1.1804694114182648,1.6107555944194996,True,/tmp/xeme-perf-prs-20260913/doctype/epoch-1/conditions.csv
doctype,237,1,native,tuning,native-tuning,gtk/4096/namespaces-1,0.9846297150166589,1.1923648680754009,-1.5370284983341143,False,/tmp/xeme-perf-prs-20260913/doctype/epoch-1/conditions.csv
doctype,237,1,native,tuning,native-tuning,gtk/65536/namespaces-0,0.9994942340668618,1.2786201539476119,-0.05057659331382247,False,/tmp/xeme-perf-prs-20260913/doctype/epoch-1/conditions.csv
doctype,237,1,native,tuning,native-tuning,gtk/65536/namespaces-1,1.006871105476552,1.300531371346822,0.6871105476552009,True,/tmp/xeme-perf-prs-20260913/doctype/epoch-1/conditions.csv
doctype,237,1,native,tuning,native-tuning,maven/4096/namespaces-0,0.9798587696525142,1.2639982830548937,-2.014123034748583,False,/tmp/xeme-perf-prs-20260913/doctype/epoch-1/conditions.csv
doctype,237,1,native,tuning,native-tuning,maven/4096/namespaces-1,0.9791026729664273,1.3877875379339404,-2.089732703357272,False,/tmp/xeme-perf-prs-20260913/doctype/epoch-1/conditions.csv
doctype,237,1,native,tuning,native-tuning,maven/65536/namespaces-0,0.9716319410820533,1.3852993203055575,-2.8368058917946692,False,/tmp/xeme-perf-prs-20260913/doctype/epoch-1/conditions.csv
doctype,237,1,native,tuning,native-tuning,maven/65536/namespaces-1,0.9856827173896265,1.6022737288313431,-1.431728261037346,False,/tmp/xeme-perf-prs-20260913/doctype/epoch-1/conditions.csv
doctype,237,1,native,tuning,native-tuning,vulkan/4096/namespaces-0,1.0032007145541788,1.2864689144500914,0.32007145541788073,True,/tmp/xeme-perf-prs-20260913/doctype/epoch-1/conditions.csv
doctype,237,1,native,tuning,native-tuning,vulkan/4096/namespaces-1,1.0063963628670436,1.2957373312285922,0.6396362867043592,True,/tmp/xeme-perf-prs-20260913/doctype/epoch-1/conditions.csv
doctype,237,1,native,tuning,native-tuning,vulkan/65536/namespaces-0,0.9915736757948043,1.2099598460371068,-0.8426324205195734,False,/tmp/xeme-perf-prs-20260913/doctype/epoch-1/conditions.csv
doctype,237,1,native,tuning,native-tuning,vulkan/65536/namespaces-1,0.9980176249086349,1.288205027384458,-0.19823750913651184,False,/tmp/xeme-perf-prs-20260913/doctype/epoch-1/conditions.csv
doctype,237,1,native,tuning,native-tuning,wayland/4096/namespaces-0,1.0046314597584918,0.8483008918156267,0.4631459758491774,True,/tmp/xeme-perf-prs-20260913/doctype/epoch-1/conditions.csv
doctype,237,1,native,tuning,native-tuning,wayland/4096/namespaces-1,1.0011034451346474,0.8658805111824084,0.11034451346474405,True,/tmp/xeme-perf-prs-20260913/doctype/epoch-1/conditions.csv
doctype,237,1,native,tuning,native-tuning,wayland/65536/namespaces-0,1.00844793655196,0.8164605847276808,0.8447936551960078,True,/tmp/xeme-perf-prs-20260913/doctype/epoch-1/conditions.csv
doctype,237,1,native,tuning,native-tuning,wayland/65536/namespaces-1,1.0018449090924786,0.844276564090819,0.1844909092478586,True,/tmp/xeme-perf-prs-20260913/doctype/epoch-1/conditions.csv
doctype,237,1,native,holdout,native-holdout,dotnet/4096/namespaces-0,1.000161736966072,1.0479823496057308,0.01617369660720236,True,/tmp/xeme-perf-prs-20260913/doctype/epoch-1/conditions.csv
doctype,237,1,native,holdout,native-holdout,dotnet/4096/namespaces-1,0.9887532017688133,1.072688440675357,-1.1246798231186683,False,/tmp/xeme-perf-prs-20260913/doctype/epoch-1/conditions.csv
doctype,237,1,native,holdout,native-holdout,dotnet/65536/namespaces-0,0.9983960863931218,1.0622048465416742,-0.16039136068781712,False,/tmp/xeme-perf-prs-20260913/doctype/epoch-1/conditions.csv
doctype,237,1,native,holdout,native-holdout,dotnet/65536/namespaces-1,1.0115624668253629,1.1196102899903464,1.1562466825362883,True,/tmp/xeme-perf-prs-20260913/doctype/epoch-1/conditions.csv
doctype,237,1,native,holdout,native-holdout,hadoop/4096/namespaces-0,0.9810452722938531,1.2574185956086208,-1.8954727706146923,False,/tmp/xeme-perf-prs-20260913/doctype/epoch-1/conditions.csv
doctype,237,1,native,holdout,native-holdout,hadoop/4096/namespaces-1,0.9729625995245758,1.2831697534004112,-2.7037400475424245,False,/tmp/xeme-perf-prs-20260913/doctype/epoch-1/conditions.csv
doctype,237,1,native,holdout,native-holdout,hadoop/65536/namespaces-0,0.9704224551103464,1.2445698601886999,-2.9577544889653584,False,/tmp/xeme-perf-prs-20260913/doctype/epoch-1/conditions.csv
doctype,237,1,native,holdout,native-holdout,hadoop/65536/namespaces-1,0.9866645131334977,1.2742101772609167,-1.3335486866502322,False,/tmp/xeme-perf-prs-20260913/doctype/epoch-1/conditions.csv
doctype,237,1,native,holdout,native-holdout,libreoffice/4096/namespaces-0,0.5702053726689453,1.4902803646778737,-42.979462733105464,False,/tmp/xeme-perf-prs-20260913/doctype/epoch-1/conditions.csv
doctype,237,1,native,holdout,native-holdout,libreoffice/4096/namespaces-1,0.6897511608578266,1.8324379594681675,-31.024883914217337,False,/tmp/xeme-perf-prs-20260913/doctype/epoch-1/conditions.csv
doctype,237,1,native,holdout,native-holdout,libreoffice/65536/namespaces-0,0.5585051808612745,1.5003281815830316,-44.14948191387255,False,/tmp/xeme-perf-prs-20260913/doctype/epoch-1/conditions.csv
doctype,237,1,native,holdout,native-holdout,libreoffice/65536/namespaces-1,0.7041831678165988,1.8634983539459602,-29.581683218340117,False,/tmp/xeme-perf-prs-20260913/doctype/epoch-1/conditions.csv
doctype,237,1,native,holdout,native-holdout,musescore/4096/namespaces-0,0.9610552241153133,1.624311174392358,-3.89447758846867,False,/tmp/xeme-perf-prs-20260913/doctype/epoch-1/conditions.csv
doctype,237,1,native,holdout,native-holdout,musescore/4096/namespaces-1,0.9752510372868961,1.662653533792128,-2.4748962713103895,False,/tmp/xeme-perf-prs-20260913/doctype/epoch-1/conditions.csv
doctype,237,1,native,holdout,native-holdout,musescore/65536/namespaces-0,0.9854304485807315,1.5744824182615555,-1.4569551419268523,False,/tmp/xeme-perf-prs-20260913/doctype/epoch-1/conditions.csv
doctype,237,1,native,holdout,native-holdout,musescore/65536/namespaces-1,0.9870880824951141,1.676653994235763,-1.291191750488585,False,/tmp/xeme-perf-prs-20260913/doctype/epoch-1/conditions.csv
doctype,237,1,native,holdout,native-holdout,qt/4096/namespaces-0,0.5345863911955178,1.6192921316537368,-46.541360880448224,False,/tmp/xeme-perf-prs-20260913/doctype/epoch-1/conditions.csv
doctype,237,1,native,holdout,native-holdout,qt/4096/namespaces-1,0.5025850259996206,1.6341493487569216,-49.741497400037936,False,/tmp/xeme-perf-prs-20260913/doctype/epoch-1/conditions.csv
doctype,237,1,native,holdout,native-holdout,qt/65536/namespaces-0,0.5223595597107406,1.5858158823759065,-47.764044028925944,False,/tmp/xeme-perf-prs-20260913/doctype/epoch-1/conditions.csv
doctype,237,1,native,holdout,native-holdout,qt/65536/namespaces-1,0.4974967881159326,1.6038936178595182,-50.25032118840673,False,/tmp/xeme-perf-prs-20260913/doctype/epoch-1/conditions.csv
doctype,237,1,native,generated,native-generated,elements/4096/namespaces-0,1.0385801387085498,1.7427510179901429,3.8580138708549816,True,/tmp/xeme-perf-prs-20260913/doctype/epoch-1/conditions.csv
doctype,237,1,native,generated,native-generated,elements/4096/namespaces-1,1.0213722599477044,1.7961948946257027,2.137225994770442,True,/tmp/xeme-perf-prs-20260913/doctype/epoch-1/conditions.csv
doctype,237,1,native,generated,native-generated,elements/65536/namespaces-0,1.0427433415401361,1.7282020287258693,4.274334154013615,True,/tmp/xeme-perf-prs-20260913/doctype/epoch-1/conditions.csv
doctype,237,1,native,generated,native-generated,elements/65536/namespaces-1,1.0234222741871652,1.730913672894954,2.342227418716525,True,/tmp/xeme-perf-prs-20260913/doctype/epoch-1/conditions.csv
doctype,237,1,native,generated,native-generated,entities/4096/namespaces-0,1.0489640234298439,2.5508284671867414,4.896402342984385,True,/tmp/xeme-perf-prs-20260913/doctype/epoch-1/conditions.csv
doctype,237,1,native,generated,native-generated,entities/4096/namespaces-1,1.0209059479182547,2.4731463155220683,2.090594791825473,True,/tmp/xeme-perf-prs-20260913/doctype/epoch-1/conditions.csv
doctype,237,1,native,generated,native-generated,entities/65536/namespaces-0,1.0303096884478575,2.474395702692263,3.030968844785753,True,/tmp/xeme-perf-prs-20260913/doctype/epoch-1/conditions.csv
doctype,237,1,native,generated,native-generated,entities/65536/namespaces-1,1.0292720135892421,2.4618508001072708,2.927201358924214,True,/tmp/xeme-perf-prs-20260913/doctype/epoch-1/conditions.csv
doctype,237,1,native,generated,native-generated,namespaces/4096/namespaces-0,1.0033334706551493,1.6217526022541044,0.33334706551493287,True,/tmp/xeme-perf-prs-20260913/doctype/epoch-1/conditions.csv
doctype,237,1,native,generated,native-generated,namespaces/4096/namespaces-1,1.0034102373077085,3.169091518826764,0.3410237307708508,True,/tmp/xeme-perf-prs-20260913/doctype/epoch-1/conditions.csv
doctype,237,1,native,generated,native-generated,namespaces/65536/namespaces-0,1.015117178442123,1.6187263725197818,1.5117178442122903,True,/tmp/xeme-perf-prs-20260913/doctype/epoch-1/conditions.csv
doctype,237,1,native,generated,native-generated,namespaces/65536/namespaces-1,1.014079569899386,3.1831186226332084,1.407956989938608,True,/tmp/xeme-perf-prs-20260913/doctype/epoch-1/conditions.csv
doctype,237,1,native,generated,native-generated,text/4096/namespaces-0,1.0154793873337378,0.5232476511278984,1.547938733373777,True,/tmp/xeme-perf-prs-20260913/doctype/epoch-1/conditions.csv
doctype,237,1,native,generated,native-generated,text/4096/namespaces-1,1.0006906188265905,0.5197747573343954,0.06906188265904945,True,/tmp/xeme-perf-prs-20260913/doctype/epoch-1/conditions.csv
doctype,237,1,native,generated,native-generated,text/65536/namespaces-0,0.9995628671139913,0.530913938562183,-0.04371328860086621,False,/tmp/xeme-perf-prs-20260913/doctype/epoch-1/conditions.csv
doctype,237,1,native,generated,native-generated,text/65536/namespaces-1,1.00925239072455,0.5304761797109313,0.9252390724550086,True,/tmp/xeme-perf-prs-20260913/doctype/epoch-1/conditions.csv
doctype,237,1,python,tuning,python-tuning,batik/4096/elementtree,0.9363084137807614,1.0773377886039608,-6.369158621923865,False,/tmp/xeme-perf-prs-20260913/doctype/epoch-1/conditions.csv
doctype,237,1,python,tuning,python-tuning,batik/4096/pyexpat-events,0.9265193349839781,0.9955375727041064,-7.34806650160219,False,/tmp/xeme-perf-prs-20260913/doctype/epoch-1/conditions.csv
doctype,237,1,python,tuning,python-tuning,batik/65536/elementtree,0.9452700283047689,1.1090926404246961,-5.472997169523108,False,/tmp/xeme-perf-prs-20260913/doctype/epoch-1/conditions.csv
doctype,237,1,python,tuning,python-tuning,batik/65536/pyexpat-events,0.9009714490129006,1.0075104567312396,-9.902855098709939,False,/tmp/xeme-perf-prs-20260913/doctype/epoch-1/conditions.csv
doctype,237,1,python,tuning,python-tuning,docbook/4096/elementtree,1.0044052355970685,1.3195064609861622,0.4405235597068513,True,/tmp/xeme-perf-prs-20260913/doctype/epoch-1/conditions.csv
doctype,237,1,python,tuning,python-tuning,docbook/4096/pyexpat-events,1.0001612000803832,1.1810181446486947,0.01612000803832281,True,/tmp/xeme-perf-prs-20260913/doctype/epoch-1/conditions.csv
doctype,237,1,python,tuning,python-tuning,docbook/65536/elementtree,1.042610153275957,1.3275597991786328,4.2610153275957074,True,/tmp/xeme-perf-prs-20260913/doctype/epoch-1/conditions.csv
doctype,237,1,python,tuning,python-tuning,docbook/65536/pyexpat-events,0.9859927729520636,1.1792593884939155,-1.4007227047936444,False,/tmp/xeme-perf-prs-20260913/doctype/epoch-1/conditions.csv
doctype,237,1,python,tuning,python-tuning,gtk/4096/elementtree,1.0080553151733551,1.0495481835714224,0.8055315173355115,True,/tmp/xeme-perf-prs-20260913/doctype/epoch-1/conditions.csv
doctype,237,1,python,tuning,python-tuning,gtk/4096/pyexpat-events,1.0055128118299261,1.057122511388631,0.5512811829926134,True,/tmp/xeme-perf-prs-20260913/doctype/epoch-1/conditions.csv
doctype,237,1,python,tuning,python-tuning,gtk/65536/elementtree,1.0251908548400963,1.0099874846255097,2.519085484009631,True,/tmp/xeme-perf-prs-20260913/doctype/epoch-1/conditions.csv
doctype,237,1,python,tuning,python-tuning,gtk/65536/pyexpat-events,0.9943656791388763,1.0742392179845086,-0.5634320861123698,False,/tmp/xeme-perf-prs-20260913/doctype/epoch-1/conditions.csv
doctype,237,1,python,tuning,python-tuning,maven/4096/elementtree,0.9845842893945546,1.2871049605975449,-1.5415710605445443,False,/tmp/xeme-perf-prs-20260913/doctype/epoch-1/conditions.csv
doctype,237,1,python,tuning,python-tuning,maven/4096/pyexpat-events,0.9986708222923195,1.1553363985401908,-0.13291777076804845,False,/tmp/xeme-perf-prs-20260913/doctype/epoch-1/conditions.csv
doctype,237,1,python,tuning,python-tuning,maven/65536/elementtree,1.0245916243527222,1.2810332065467724,2.459162435272222,True,/tmp/xeme-perf-prs-20260913/doctype/epoch-1/conditions.csv
doctype,237,1,python,tuning,python-tuning,maven/65536/pyexpat-events,0.9930552127570922,1.1748646598852246,-0.6944787242907813,False,/tmp/xeme-perf-prs-20260913/doctype/epoch-1/conditions.csv
doctype,237,1,python,tuning,python-tuning,vulkan/4096/elementtree,1.0226714274052433,0.9570166153831386,2.2671427405243305,True,/tmp/xeme-perf-prs-20260913/doctype/epoch-1/conditions.csv
doctype,237,1,python,tuning,python-tuning,vulkan/4096/pyexpat-events,1.0227727145712018,1.1128241327952286,2.277271457120178,True,/tmp/xeme-perf-prs-20260913/doctype/epoch-1/conditions.csv
doctype,237,1,python,tuning,python-tuning,vulkan/65536/elementtree,0.9917882139823442,1.099911547838248,-0.821178601765582,False,/tmp/xeme-perf-prs-20260913/doctype/epoch-1/conditions.csv
doctype,237,1,python,tuning,python-tuning,vulkan/65536/pyexpat-events,1.0009296622105361,1.1106274755039587,0.09296622105361418,True,/tmp/xeme-perf-prs-20260913/doctype/epoch-1/conditions.csv
doctype,237,1,python,tuning,python-tuning,wayland/4096/elementtree,1.0058956303764932,0.813816871801339,0.589563037649321,True,/tmp/xeme-perf-prs-20260913/doctype/epoch-1/conditions.csv
doctype,237,1,python,tuning,python-tuning,wayland/4096/pyexpat-events,1.0113738411830075,0.6626867339952724,1.137384118300755,True,/tmp/xeme-perf-prs-20260913/doctype/epoch-1/conditions.csv
doctype,237,1,python,tuning,python-tuning,wayland/65536/elementtree,1.0061790260511867,0.779774375135331,0.6179026051186698,True,/tmp/xeme-perf-prs-20260913/doctype/epoch-1/conditions.csv
doctype,237,1,python,tuning,python-tuning,wayland/65536/pyexpat-events,0.9954172825871179,0.644198069620791,-0.4582717412882076,False,/tmp/xeme-perf-prs-20260913/doctype/epoch-1/conditions.csv
doctype,237,1,python,holdout,python-holdout,dotnet/4096/elementtree,0.978853649696187,1.029043114881366,-2.1146350303812955,False,/tmp/xeme-perf-prs-20260913/doctype/epoch-1/conditions.csv
doctype,237,1,python,holdout,python-holdout,dotnet/4096/pyexpat-events,0.9983530509587026,1.0073743981848395,-0.1646949041297363,False,/tmp/xeme-perf-prs-20260913/doctype/epoch-1/conditions.csv
doctype,237,1,python,holdout,python-holdout,dotnet/65536/elementtree,1.000628155902073,1.023006194620936,0.0628155902073102,True,/tmp/xeme-perf-prs-20260913/doctype/epoch-1/conditions.csv
doctype,237,1,python,holdout,python-holdout,dotnet/65536/pyexpat-events,0.9998568251319326,1.0089021334632486,-0.01431748680673639,False,/tmp/xeme-perf-prs-20260913/doctype/epoch-1/conditions.csv
doctype,237,1,python,holdout,python-holdout,hadoop/4096/elementtree,0.9988467261492687,1.0179858702899556,-0.11532738507312734,False,/tmp/xeme-perf-prs-20260913/doctype/epoch-1/conditions.csv
doctype,237,1,python,holdout,python-holdout,hadoop/4096/pyexpat-events,0.9667294358288665,0.9717407954329791,-3.32705641711335,False,/tmp/xeme-perf-prs-20260913/doctype/epoch-1/conditions.csv
doctype,237,1,python,holdout,python-holdout,hadoop/65536/elementtree,1.0040061008239074,1.4215873593721762,0.4006100823907399,True,/tmp/xeme-perf-prs-20260913/doctype/epoch-1/conditions.csv
doctype,237,1,python,holdout,python-holdout,hadoop/65536/pyexpat-events,1.003352941419792,0.9446410448749062,0.33529414197919216,True,/tmp/xeme-perf-prs-20260913/doctype/epoch-1/conditions.csv
doctype,237,1,python,holdout,python-holdout,libreoffice/4096/elementtree,0.8777792578501611,3.3739142527993238,-12.222074214983891,False,/tmp/xeme-perf-prs-20260913/doctype/epoch-1/conditions.csv
doctype,237,1,python,holdout,python-holdout,libreoffice/4096/pyexpat-events,0.9043188002308173,1.047837620026448,-9.568119976918265,False,/tmp/xeme-perf-prs-20260913/doctype/epoch-1/conditions.csv
doctype,237,1,python,holdout,python-holdout,libreoffice/65536/elementtree,0.8805234519431189,3.1237336381532366,-11.947654805688114,False,/tmp/xeme-perf-prs-20260913/doctype/epoch-1/conditions.csv
doctype,237,1,python,holdout,python-holdout,libreoffice/65536/pyexpat-events,0.895444273229463,1.0476999048058988,-10.455572677053704,False,/tmp/xeme-perf-prs-20260913/doctype/epoch-1/conditions.csv
doctype,237,1,python,holdout,python-holdout,musescore/4096/elementtree,0.9947086377270477,1.1385096134774515,-0.5291362272952349,False,/tmp/xeme-perf-prs-20260913/doctype/epoch-1/conditions.csv
doctype,237,1,python,holdout,python-holdout,musescore/4096/pyexpat-events,0.9974533538896775,1.0496400004551532,-0.25466461103225146,False,/tmp/xeme-perf-prs-20260913/doctype/epoch-1/conditions.csv
doctype,237,1,python,holdout,python-holdout,musescore/65536/elementtree,0.9780019378805345,1.162546049790687,-2.1998062119465533,False,/tmp/xeme-perf-prs-20260913/doctype/epoch-1/conditions.csv
doctype,237,1,python,holdout,python-holdout,musescore/65536/pyexpat-events,0.9838731017662901,1.0942956292213848,-1.612689823370994,False,/tmp/xeme-perf-prs-20260913/doctype/epoch-1/conditions.csv
doctype,237,1,python,holdout,python-holdout,qt/4096/elementtree,0.6278716531093448,1.0749301712874766,-37.212834689065524,False,/tmp/xeme-perf-prs-20260913/doctype/epoch-1/conditions.csv
doctype,237,1,python,holdout,python-holdout,qt/4096/pyexpat-events,0.7747929199834566,1.0063323363804098,-22.520708001654345,False,/tmp/xeme-perf-prs-20260913/doctype/epoch-1/conditions.csv
doctype,237,1,python,holdout,python-holdout,qt/65536/elementtree,0.6422852408128713,1.1009163884429647,-35.771475918712866,False,/tmp/xeme-perf-prs-20260913/doctype/epoch-1/conditions.csv
doctype,237,1,python,holdout,python-holdout,qt/65536/pyexpat-events,0.7671435782416375,0.9864593855769961,-23.28564217583625,False,/tmp/xeme-perf-prs-20260913/doctype/epoch-1/conditions.csv
doctype,237,2,native,tuning,native-tuning,batik/4096/namespaces-0,0.8356570154212589,0.8162388486479784,-16.434298457874107,False,/tmp/xeme-perf-prs-20260913/doctype/epoch-2/conditions.csv
doctype,237,2,native,tuning,native-tuning,batik/4096/namespaces-1,0.8705364781447017,0.9269650404183175,-12.94635218552983,False,/tmp/xeme-perf-prs-20260913/doctype/epoch-2/conditions.csv
doctype,237,2,native,tuning,native-tuning,batik/65536/namespaces-0,0.8138099598128945,0.8910105388478533,-18.619004018710548,False,/tmp/xeme-perf-prs-20260913/doctype/epoch-2/conditions.csv
doctype,237,2,native,tuning,native-tuning,batik/65536/namespaces-1,0.8549930220436164,1.008704587563628,-14.500697795638363,False,/tmp/xeme-perf-prs-20260913/doctype/epoch-2/conditions.csv
doctype,237,2,native,tuning,native-tuning,docbook/4096/namespaces-0,0.9806983008266135,1.1876887505920337,-1.9301699173386533,False,/tmp/xeme-perf-prs-20260913/doctype/epoch-2/conditions.csv
doctype,237,2,native,tuning,native-tuning,docbook/4096/namespaces-1,0.9864223212409353,1.4548545678000822,-1.3577678759064682,False,/tmp/xeme-perf-prs-20260913/doctype/epoch-2/conditions.csv
doctype,237,2,native,tuning,native-tuning,docbook/65536/namespaces-0,1.0174799854723384,1.2919365399714844,1.7479985472338422,True,/tmp/xeme-perf-prs-20260913/doctype/epoch-2/conditions.csv
doctype,237,2,native,tuning,native-tuning,docbook/65536/namespaces-1,0.997078542987382,1.5582389325178956,-0.2921457012618034,False,/tmp/xeme-perf-prs-20260913/doctype/epoch-2/conditions.csv
doctype,237,2,native,tuning,native-tuning,gtk/4096/namespaces-0,1.0135282351855817,1.205059267505444,1.352823518558166,True,/tmp/xeme-perf-prs-20260913/doctype/epoch-2/conditions.csv
doctype,237,2,native,tuning,native-tuning,gtk/4096/namespaces-1,1.0041012578471373,1.2069197324798384,0.41012578471373295,True,/tmp/xeme-perf-prs-20260913/doctype/epoch-2/conditions.csv
doctype,237,2,native,tuning,native-tuning,gtk/65536/namespaces-0,0.9939770205812297,1.2642287420850264,-0.602297941877028,False,/tmp/xeme-perf-prs-20260913/doctype/epoch-2/conditions.csv
doctype,237,2,native,tuning,native-tuning,gtk/65536/namespaces-1,1.0191607786238135,1.2944740124418,1.916077862381349,True,/tmp/xeme-perf-prs-20260913/doctype/epoch-2/conditions.csv
doctype,237,2,native,tuning,native-tuning,maven/4096/namespaces-0,0.9720970113100517,1.2703935788213758,-2.790298868994834,False,/tmp/xeme-perf-prs-20260913/doctype/epoch-2/conditions.csv
doctype,237,2,native,tuning,native-tuning,maven/4096/namespaces-1,0.9809784820094977,1.484131749570501,-1.9021517990502335,False,/tmp/xeme-perf-prs-20260913/doctype/epoch-2/conditions.csv
doctype,237,2,native,tuning,native-tuning,maven/65536/namespaces-0,0.9706635189718901,1.3714887504360296,-2.933648102810993,False,/tmp/xeme-perf-prs-20260913/doctype/epoch-2/conditions.csv
doctype,237,2,native,tuning,native-tuning,maven/65536/namespaces-1,0.9865590385905975,1.6125002092540512,-1.344096140940254,False,/tmp/xeme-perf-prs-20260913/doctype/epoch-2/conditions.csv
doctype,237,2,native,tuning,native-tuning,vulkan/4096/namespaces-0,0.9941461605528226,1.2744342679137757,-0.5853839447177434,False,/tmp/xeme-perf-prs-20260913/doctype/epoch-2/conditions.csv
doctype,237,2,native,tuning,native-tuning,vulkan/4096/namespaces-1,0.9993604455602426,1.3001939053234541,-0.06395544397573838,False,/tmp/xeme-perf-prs-20260913/doctype/epoch-2/conditions.csv
doctype,237,2,native,tuning,native-tuning,vulkan/65536/namespaces-0,0.9996133399580482,1.2498617515756325,-0.03866600419517585,False,/tmp/xeme-perf-prs-20260913/doctype/epoch-2/conditions.csv
doctype,237,2,native,tuning,native-tuning,vulkan/65536/namespaces-1,1.0031989320363837,1.28193031450978,0.31989320363836615,True,/tmp/xeme-perf-prs-20260913/doctype/epoch-2/conditions.csv
doctype,237,2,native,tuning,native-tuning,wayland/4096/namespaces-0,1.0080958325993217,0.8555798500721816,0.8095832599321673,True,/tmp/xeme-perf-prs-20260913/doctype/epoch-2/conditions.csv
doctype,237,2,native,tuning,native-tuning,wayland/4096/namespaces-1,1.012713756542848,0.8689766306848613,1.2713756542847898,True,/tmp/xeme-perf-prs-20260913/doctype/epoch-2/conditions.csv
doctype,237,2,native,tuning,native-tuning,wayland/65536/namespaces-0,1.0115989139870343,0.8250495596378439,1.1598913987034276,True,/tmp/xeme-perf-prs-20260913/doctype/epoch-2/conditions.csv
doctype,237,2,native,tuning,native-tuning,wayland/65536/namespaces-1,1.0056130439533313,0.8444707890249236,0.5613043953331287,True,/tmp/xeme-perf-prs-20260913/doctype/epoch-2/conditions.csv
doctype,237,2,native,holdout,native-holdout,dotnet/4096/namespaces-0,1.0039906649396346,1.0916166994872956,0.3990664939634625,True,/tmp/xeme-perf-prs-20260913/doctype/epoch-2/conditions.csv
doctype,237,2,native,holdout,native-holdout,dotnet/4096/namespaces-1,0.997614187446499,1.0933826498104695,-0.238581255350101,False,/tmp/xeme-perf-prs-20260913/doctype/epoch-2/conditions.csv
doctype,237,2,native,holdout,native-holdout,dotnet/65536/namespaces-0,1.017281945133281,1.0994184668535716,1.7281945133281074,True,/tmp/xeme-perf-prs-20260913/doctype/epoch-2/conditions.csv
doctype,237,2,native,holdout,native-holdout,dotnet/65536/namespaces-1,1.0013643448027811,1.0955968739829276,0.13643448027811367,True,/tmp/xeme-perf-prs-20260913/doctype/epoch-2/conditions.csv
doctype,237,2,native,holdout,native-holdout,hadoop/4096/namespaces-0,0.9743899718026919,1.2232588942098555,-2.5610028197308066,False,/tmp/xeme-perf-prs-20260913/doctype/epoch-2/conditions.csv
doctype,237,2,native,holdout,native-holdout,hadoop/4096/namespaces-1,0.9850455760765793,1.2988980963582113,-1.4954423923420723,False,/tmp/xeme-perf-prs-20260913/doctype/epoch-2/conditions.csv
doctype,237,2,native,holdout,native-holdout,hadoop/65536/namespaces-0,0.9716657922528941,1.2558697177639793,-2.8334207747105933,False,/tmp/xeme-perf-prs-20260913/doctype/epoch-2/conditions.csv
doctype,237,2,native,holdout,native-holdout,hadoop/65536/namespaces-1,0.9864527264298112,1.2791589193134085,-1.3547273570188811,False,/tmp/xeme-perf-prs-20260913/doctype/epoch-2/conditions.csv
doctype,237,2,native,holdout,native-holdout,libreoffice/4096/namespaces-0,0.5779269381097467,1.5077679989682722,-42.20730618902533,False,/tmp/xeme-perf-prs-20260913/doctype/epoch-2/conditions.csv
doctype,237,2,native,holdout,native-holdout,libreoffice/4096/namespaces-1,0.6950660902596046,1.8284429878276058,-30.493390974039535,False,/tmp/xeme-perf-prs-20260913/doctype/epoch-2/conditions.csv
doctype,237,2,native,holdout,native-holdout,libreoffice/65536/namespaces-0,0.561507269102727,1.4887401953672212,-43.849273089727305,False,/tmp/xeme-perf-prs-20260913/doctype/epoch-2/conditions.csv
doctype,237,2,native,holdout,native-holdout,libreoffice/65536/namespaces-1,0.684796454962857,1.843991844730002,-31.520354503714298,False,/tmp/xeme-perf-prs-20260913/doctype/epoch-2/conditions.csv
doctype,237,2,native,holdout,native-holdout,musescore/4096/namespaces-0,0.9664577482372304,1.6125987173937404,-3.3542251762769593,False,/tmp/xeme-perf-prs-20260913/doctype/epoch-2/conditions.csv
doctype,237,2,native,holdout,native-holdout,musescore/4096/namespaces-1,0.9876084825840116,1.5641395247746728,-1.239151741598843,False,/tmp/xeme-perf-prs-20260913/doctype/epoch-2/conditions.csv
doctype,237,2,native,holdout,native-holdout,musescore/65536/namespaces-0,0.9730716915884333,1.6014965415869393,-2.692830841156668,False,/tmp/xeme-perf-prs-20260913/doctype/epoch-2/conditions.csv
doctype,237,2,native,holdout,native-holdout,musescore/65536/namespaces-1,0.9890091118922991,1.6632577598158613,-1.099088810770088,False,/tmp/xeme-perf-prs-20260913/doctype/epoch-2/conditions.csv
doctype,237,2,native,holdout,native-holdout,qt/4096/namespaces-0,0.5345071956226095,1.6181628100978493,-46.54928043773905,False,/tmp/xeme-perf-prs-20260913/doctype/epoch-2/conditions.csv
doctype,237,2,native,holdout,native-holdout,qt/4096/namespaces-1,0.5013723642415646,1.652568724999965,-49.86276357584354,False,/tmp/xeme-perf-prs-20260913/doctype/epoch-2/conditions.csv
doctype,237,2,native,holdout,native-holdout,qt/65536/namespaces-0,0.5233022478009204,1.5776346127024785,-47.66977521990796,False,/tmp/xeme-perf-prs-20260913/doctype/epoch-2/conditions.csv
doctype,237,2,native,holdout,native-holdout,qt/65536/namespaces-1,0.49901283460463425,1.6337615872883855,-50.09871653953657,False,/tmp/xeme-perf-prs-20260913/doctype/epoch-2/conditions.csv
doctype,237,2,native,generated,native-generated,elements/4096/namespaces-0,1.0233040687875203,1.7676730654560984,2.330406878752034,True,/tmp/xeme-perf-prs-20260913/doctype/epoch-2/conditions.csv
doctype,237,2,native,generated,native-generated,elements/4096/namespaces-1,1.0142679496329365,1.7995042212340726,1.4267949632936539,True,/tmp/xeme-perf-prs-20260913/doctype/epoch-2/conditions.csv
doctype,237,2,native,generated,native-generated,elements/65536/namespaces-0,1.036368178324366,1.75755405461615,3.6368178324365896,True,/tmp/xeme-perf-prs-20260913/doctype/epoch-2/conditions.csv
doctype,237,2,native,generated,native-generated,elements/65536/namespaces-1,1.0256070758925515,1.812397060769213,2.560707589255151,True,/tmp/xeme-perf-prs-20260913/doctype/epoch-2/conditions.csv
doctype,237,2,native,generated,native-generated,entities/4096/namespaces-0,1.022864437859142,2.4465097454735703,2.286443785914205,True,/tmp/xeme-perf-prs-20260913/doctype/epoch-2/conditions.csv
doctype,237,2,native,generated,native-generated,entities/4096/namespaces-1,1.0264363263594427,2.457949595616577,2.643632635944271,True,/tmp/xeme-perf-prs-20260913/doctype/epoch-2/conditions.csv
doctype,237,2,native,generated,native-generated,entities/65536/namespaces-0,1.0275112082320232,2.472509260044839,2.7511208232023243,True,/tmp/xeme-perf-prs-20260913/doctype/epoch-2/conditions.csv
doctype,237,2,native,generated,native-generated,entities/65536/namespaces-1,1.0333175438506874,2.473288494267707,3.3317543850687414,True,/tmp/xeme-perf-prs-20260913/doctype/epoch-2/conditions.csv
doctype,237,2,native,generated,native-generated,namespaces/4096/namespaces-0,1.0121008216303962,1.6204558872224364,1.2100821630396164,True,/tmp/xeme-perf-prs-20260913/doctype/epoch-2/conditions.csv
doctype,237,2,native,generated,native-generated,namespaces/4096/namespaces-1,1.0097941168651374,3.1546816616013684,0.9794116865137426,True,/tmp/xeme-perf-prs-20260913/doctype/epoch-2/conditions.csv
doctype,237,2,native,generated,native-generated,namespaces/65536/namespaces-0,1.010002538014168,1.6130817636982202,1.000253801416795,True,/tmp/xeme-perf-prs-20260913/doctype/epoch-2/conditions.csv
doctype,237,2,native,generated,native-generated,namespaces/65536/namespaces-1,1.0192503140422724,3.1757225606343256,1.9250314042272398,True,/tmp/xeme-perf-prs-20260913/doctype/epoch-2/conditions.csv
doctype,237,2,native,generated,native-generated,text/4096/namespaces-0,1.0137650828807103,0.5229822072630116,1.3765082880710322,True,/tmp/xeme-perf-prs-20260913/doctype/epoch-2/conditions.csv
doctype,237,2,native,generated,native-generated,text/4096/namespaces-1,1.004563513045819,0.5252860291472458,0.4563513045819034,True,/tmp/xeme-perf-prs-20260913/doctype/epoch-2/conditions.csv
doctype,237,2,native,generated,native-generated,text/65536/namespaces-0,1.0128128246957881,0.530782124582948,1.281282469578815,True,/tmp/xeme-perf-prs-20260913/doctype/epoch-2/conditions.csv
doctype,237,2,native,generated,native-generated,text/65536/namespaces-1,1.009453325692063,0.5301657766509665,0.945332569206303,True,/tmp/xeme-perf-prs-20260913/doctype/epoch-2/conditions.csv
doctype,237,2,python,tuning,python-tuning,batik/4096/elementtree,0.9173422006530663,1.0755229127195243,-8.265779934693374,False,/tmp/xeme-perf-prs-20260913/doctype/epoch-2/conditions.csv
doctype,237,2,python,tuning,python-tuning,batik/4096/pyexpat-events,0.9333889709669293,1.006129052519395,-6.66110290330707,False,/tmp/xeme-perf-prs-20260913/doctype/epoch-2/conditions.csv
doctype,237,2,python,tuning,python-tuning,batik/65536/elementtree,0.9333433346460055,1.0704605686073494,-6.665666535399451,False,/tmp/xeme-perf-prs-20260913/doctype/epoch-2/conditions.csv
doctype,237,2,python,tuning,python-tuning,batik/65536/pyexpat-events,0.911295394765251,1.0139413860279565,-8.870460523474899,False,/tmp/xeme-perf-prs-20260913/doctype/epoch-2/conditions.csv
doctype,237,2,python,tuning,python-tuning,docbook/4096/elementtree,0.9913055657817658,1.2742058307605095,-0.8694434218234237,False,/tmp/xeme-perf-prs-20260913/doctype/epoch-2/conditions.csv
doctype,237,2,python,tuning,python-tuning,docbook/4096/pyexpat-events,1.0034612662422975,1.1992992224924588,0.3461266242297478,True,/tmp/xeme-perf-prs-20260913/doctype/epoch-2/conditions.csv
doctype,237,2,python,tuning,python-tuning,docbook/65536/elementtree,1.0114456905822709,1.2603898798225777,1.144569058227085,True,/tmp/xeme-perf-prs-20260913/doctype/epoch-2/conditions.csv
doctype,237,2,python,tuning,python-tuning,docbook/65536/pyexpat-events,0.9913157257230207,1.2252984399398743,-0.8684274276979265,False,/tmp/xeme-perf-prs-20260913/doctype/epoch-2/conditions.csv
doctype,237,2,python,tuning,python-tuning,gtk/4096/elementtree,0.9900852435954846,1.048829342707435,-0.9914756404515446,False,/tmp/xeme-perf-prs-20260913/doctype/epoch-2/conditions.csv
doctype,237,2,python,tuning,python-tuning,gtk/4096/pyexpat-events,0.9892920368968791,1.0429822946132328,-1.0707963103120943,False,/tmp/xeme-perf-prs-20260913/doctype/epoch-2/conditions.csv
doctype,237,2,python,tuning,python-tuning,gtk/65536/elementtree,1.0274687925519443,1.0253907792861279,2.7468792551944343,True,/tmp/xeme-perf-prs-20260913/doctype/epoch-2/conditions.csv
doctype,237,2,python,tuning,python-tuning,gtk/65536/pyexpat-events,0.9989567098403828,1.0651564575253678,-0.10432901596172384,False,/tmp/xeme-perf-prs-20260913/doctype/epoch-2/conditions.csv
doctype,237,2,python,tuning,python-tuning,maven/4096/elementtree,0.9944757347756861,1.2921691070722927,-0.5524265224313929,False,/tmp/xeme-perf-prs-20260913/doctype/epoch-2/conditions.csv
doctype,237,2,python,tuning,python-tuning,maven/4096/pyexpat-events,0.9896657420754904,1.1419598258439174,-1.0334257924509593,False,/tmp/xeme-perf-prs-20260913/doctype/epoch-2/conditions.csv
doctype,237,2,python,tuning,python-tuning,maven/65536/elementtree,0.9851844423080639,1.2347469149086996,-1.4815557691936099,False,/tmp/xeme-perf-prs-20260913/doctype/epoch-2/conditions.csv
doctype,237,2,python,tuning,python-tuning,maven/65536/pyexpat-events,0.9907176036117397,1.1595624480684257,-0.9282396388260339,False,/tmp/xeme-perf-prs-20260913/doctype/epoch-2/conditions.csv
doctype,237,2,python,tuning,python-tuning,vulkan/4096/elementtree,1.017218347101855,0.9950664824694853,1.7218347101854992,True,/tmp/xeme-perf-prs-20260913/doctype/epoch-2/conditions.csv
doctype,237,2,python,tuning,python-tuning,vulkan/4096/pyexpat-events,1.0193447145060124,1.0972269427256423,1.9344714506012384,True,/tmp/xeme-perf-prs-20260913/doctype/epoch-2/conditions.csv
doctype,237,2,python,tuning,python-tuning,vulkan/65536/elementtree,1.001540614162161,1.1056430614815083,0.15406141621610026,True,/tmp/xeme-perf-prs-20260913/doctype/epoch-2/conditions.csv
doctype,237,2,python,tuning,python-tuning,vulkan/65536/pyexpat-events,0.9940940013784985,1.0856582852274237,-0.590599862150154,False,/tmp/xeme-perf-prs-20260913/doctype/epoch-2/conditions.csv
doctype,237,2,python,tuning,python-tuning,wayland/4096/elementtree,1.0124678994922647,0.8202463131025044,1.2467899492264678,True,/tmp/xeme-perf-prs-20260913/doctype/epoch-2/conditions.csv
doctype,237,2,python,tuning,python-tuning,wayland/4096/pyexpat-events,0.9968639186668578,0.6665708689414341,-0.3136081333142249,False,/tmp/xeme-perf-prs-20260913/doctype/epoch-2/conditions.csv
doctype,237,2,python,tuning,python-tuning,wayland/65536/elementtree,1.0167352854412763,0.7909733388069744,1.6735285441276337,True,/tmp/xeme-perf-prs-20260913/doctype/epoch-2/conditions.csv
doctype,237,2,python,tuning,python-tuning,wayland/65536/pyexpat-events,1.0037102455990847,0.6541806883074248,0.3710245599084727,True,/tmp/xeme-perf-prs-20260913/doctype/epoch-2/conditions.csv
doctype,237,2,python,holdout,python-holdout,dotnet/4096/elementtree,0.9983067101866585,1.043147258229542,-0.1693289813341492,False,/tmp/xeme-perf-prs-20260913/doctype/epoch-2/conditions.csv
doctype,237,2,python,holdout,python-holdout,dotnet/4096/pyexpat-events,0.9952652128217241,1.015360604412232,-0.4734787178275912,False,/tmp/xeme-perf-prs-20260913/doctype/epoch-2/conditions.csv
doctype,237,2,python,holdout,python-holdout,dotnet/65536/elementtree,0.9944473532530501,1.0313153805625974,-0.5552646746949885,False,/tmp/xeme-perf-prs-20260913/doctype/epoch-2/conditions.csv
doctype,237,2,python,holdout,python-holdout,dotnet/65536/pyexpat-events,0.9921489518099751,0.9952248172660882,-0.7851048190024912,False,/tmp/xeme-perf-prs-20260913/doctype/epoch-2/conditions.csv
doctype,237,2,python,holdout,python-holdout,hadoop/4096/elementtree,0.9895390244278973,1.0566286092959771,-1.0460975572102682,False,/tmp/xeme-perf-prs-20260913/doctype/epoch-2/conditions.csv
doctype,237,2,python,holdout,python-holdout,hadoop/4096/pyexpat-events,0.996397760944733,0.9573904581217973,-0.360223905526702,False,/tmp/xeme-perf-prs-20260913/doctype/epoch-2/conditions.csv
doctype,237,2,python,holdout,python-holdout,hadoop/65536/elementtree,0.9820711292698984,0.986902329602671,-1.7928870730101631,False,/tmp/xeme-perf-prs-20260913/doctype/epoch-2/conditions.csv
doctype,237,2,python,holdout,python-holdout,hadoop/65536/pyexpat-events,1.0074543446567354,0.9423701228999041,0.7454344656735445,True,/tmp/xeme-perf-prs-20260913/doctype/epoch-2/conditions.csv
doctype,237,2,python,holdout,python-holdout,libreoffice/4096/elementtree,0.7514362480006448,1.4107079814200034,-24.85637519993552,False,/tmp/xeme-perf-prs-20260913/doctype/epoch-2/conditions.csv
doctype,237,2,python,holdout,python-holdout,libreoffice/4096/pyexpat-events,0.8254131577626522,1.1096465455139999,-17.458684223734778,False,/tmp/xeme-perf-prs-20260913/doctype/epoch-2/conditions.csv
doctype,237,2,python,holdout,python-holdout,libreoffice/65536/elementtree,0.755533558595436,1.394254168834843,-24.446644140456396,False,/tmp/xeme-perf-prs-20260913/doctype/epoch-2/conditions.csv
doctype,237,2,python,holdout,python-holdout,libreoffice/65536/pyexpat-events,0.8257045824592425,1.0845918435471371,-17.42954175407575,False,/tmp/xeme-perf-prs-20260913/doctype/epoch-2/conditions.csv
doctype,237,2,python,holdout,python-holdout,musescore/4096/elementtree,0.9873824382417361,1.1663514536274426,-1.2617561758263895,False,/tmp/xeme-perf-prs-20260913/doctype/epoch-2/conditions.csv
doctype,237,2,python,holdout,python-holdout,musescore/4096/pyexpat-events,1.0007429184735719,1.0797645171502428,0.07429184735718852,True,/tmp/xeme-perf-prs-20260913/doctype/epoch-2/conditions.csv
doctype,237,2,python,holdout,python-holdout,musescore/65536/elementtree,0.9998388860976181,1.1643546100030282,-0.016111390238193746,False,/tmp/xeme-perf-prs-20260913/doctype/epoch-2/conditions.csv
doctype,237,2,python,holdout,python-holdout,musescore/65536/pyexpat-events,0.9805249032910769,1.077437133517312,-1.9475096708923112,False,/tmp/xeme-perf-prs-20260913/doctype/epoch-2/conditions.csv
doctype,237,2,python,holdout,python-holdout,qt/4096/elementtree,0.6270029194345116,1.1496502871199452,-37.299708056548845,False,/tmp/xeme-perf-prs-20260913/doctype/epoch-2/conditions.csv
doctype,237,2,python,holdout,python-holdout,qt/4096/pyexpat-events,0.7540388327469915,1.0118157013878315,-24.596116725300853,False,/tmp/xeme-perf-prs-20260913/doctype/epoch-2/conditions.csv
doctype,237,2,python,holdout,python-holdout,qt/65536/elementtree,0.619585890258856,1.227811468472054,-38.0414109741144,False,/tmp/xeme-perf-prs-20260913/doctype/epoch-2/conditions.csv
doctype,237,2,python,holdout,python-holdout,qt/65536/pyexpat-events,0.7472054796986863,0.9889470571341812,-25.279452030131367,False,/tmp/xeme-perf-prs-20260913/doctype/epoch-2/conditions.csv
