epoch,consumer,corpus,condition,project,chunk,mode,candidate_base,candidate_expat,base_expat,candidate_base_min,candidate_base_max
1,native,generated,entities/4096/namespaces-1,entities,4096,namespaces-1,0.709765366929214,1.7469984257943572,2.461888473911918,0.7054287639021672,0.7299189836974768
1,native,observed-holdout,dotnet/4096/namespaces-0,dotnet,4096,namespaces-0,0.9964531177544701,1.0771003136993107,1.0810141273961662,0.8932082259669235,1.0331367175517747
1,native,generated,text/65536/namespaces-1,text,65536,namespaces-1,1.0015934209958153,1.036594035849107,1.0349449328635698,0.9846531661616055,1.0195928190709898
1,native,generated,text/65536/namespaces-0,text,65536,namespaces-0,0.9889634585061923,1.0399388162010217,1.0411851215743344,0.9855134856151502,1.0163974880654625
1,native,observed-holdout,qt/65536/namespaces-1,qt,65536,namespaces-1,0.9471199725503491,1.515389380098221,1.586533239795824,0.9329876080801284,0.9582204886610522
1,native,generated,elements/65536/namespaces-1,elements,65536,namespaces-1,0.9718455267363182,1.7729423964285849,1.8243047353240747,0.9469093091526765,1.0108591154344535
1,native,observed-holdout,hadoop/4096/namespaces-0,hadoop,4096,namespaces-0,0.9733752572789458,1.3147493890001563,1.3522951763340416,0.9470253715610796,0.9767364173726826
1,native,tuning,maven/65536/namespaces-1,maven,65536,namespaces-1,0.9835116878170574,1.5095378245072768,1.5346447712385312,0.9778090290770332,1.021531404852435
1,native,tuning,vulkan/4096/namespaces-0,vulkan,4096,namespaces-0,0.9706113647710003,1.191120471610782,1.2271051137583209,0.9447047691859815,0.9813875174584288
1,native,tuning,maven/4096/namespaces-0,maven,4096,namespaces-0,0.9729438714464632,1.2010672227803785,1.2178518520841761,0.9639939501371974,0.9933946646608914
1,native,generated,namespaces/65536/namespaces-1,namespaces,65536,namespaces-1,0.9848357375173875,2.052801269504475,2.1021216293125202,0.9544794448561469,1.0173003328012369
1,native,generated,elements/4096/namespaces-1,elements,4096,namespaces-1,0.9812452767278571,1.6473593952049825,1.6863270817577944,0.9512677497787208,0.9926376874874615
1,native,tuning,batik/4096/namespaces-1,batik,4096,namespaces-1,0.9897891937869255,0.9028292915717779,0.9091905416358317,0.9807595943831786,1.0195386839585894
1,native,observed-holdout,qt/4096/namespaces-1,qt,4096,namespaces-1,0.9492194153495224,1.5297462248907676,1.608798515144317,0.9293602158064834,1.0114088218422421
1,native,tuning,vulkan/4096/namespaces-1,vulkan,4096,namespaces-1,0.9833461124869561,1.229481181257422,1.2483775009886613,0.9692708107065633,1.026183554040585
1,native,generated,text/4096/namespaces-0,text,4096,namespaces-0,0.9980690155545547,1.0212238407865804,1.0314914029110887,0.9782306640295033,1.0008603380504222
1,native,tuning,gtk/4096/namespaces-0,gtk,4096,namespaces-0,0.9822941016362996,1.1339395258179663,1.1533011301453238,0.9705840393745095,0.9978992996992365
1,native,tuning,wayland/65536/namespaces-1,wayland,65536,namespaces-1,1.0035997458082808,0.9977739760529716,0.9923768274745088,0.9954352341251701,1.026091648527674
1,native,observed-holdout,musescore/4096/namespaces-1,musescore,4096,namespaces-1,0.9675956229468922,1.557779125151295,1.6093093876876028,0.9592108150617998,0.98412746440726
1,native,tuning,vulkan/65536/namespaces-1,vulkan,65536,namespaces-1,0.9842502871104422,1.2062879702977576,1.223682466392423,0.9723457372457984,1.0316821883633889
1,native,tuning,wayland/4096/namespaces-0,wayland,4096,namespaces-0,0.995549660029602,0.9906194815816659,0.994564402441407,0.9784001412514695,1.015148726602789
1,native,tuning,wayland/4096/namespaces-1,wayland,4096,namespaces-1,0.9926322681340815,1.00248401826484,0.9985244554659746,0.9815261403156335,1.0192178061358077
1,native,observed-holdout,musescore/4096/namespaces-0,musescore,4096,namespaces-0,0.9671921355736673,1.5374301999413311,1.5895809564554,0.9554064090469725,0.9924414924137746
1,native,observed-holdout,libreoffice/65536/namespaces-1,libreoffice,65536,namespaces-1,0.9923981991697244,1.5316583985684922,1.5453328235187243,0.9681866081491041,1.0079475276155865
1,native,generated,entities/65536/namespaces-0,entities,65536,namespaces-0,0.7054326970181722,1.7595808404831041,2.4871629099117833,0.696985294327981,0.7139779922692816
1,native,observed-holdout,libreoffice/4096/namespaces-0,libreoffice,4096,namespaces-0,0.985309842028202,1.4356099281997603,1.449848124333561,0.9652107634958982,1.004289478685535
1,native,generated,namespaces/4096/namespaces-1,namespaces,4096,namespaces-1,0.9771113885742875,2.058029745182704,2.096321810526264,0.9130897102486915,1.0217942286960364
1,native,tuning,gtk/4096/namespaces-1,gtk,4096,namespaces-1,0.9852974569657236,1.1527694576286807,1.1793824938011617,0.9611138682315323,1.016040114668124
1,native,tuning,docbook/4096/namespaces-0,docbook,4096,namespaces-0,0.9833479724784073,1.1494874046542025,1.1683023118923417,0.955290298382534,1.0293790556809224
1,native,generated,text/4096/namespaces-1,text,4096,namespaces-1,0.9926637648632758,1.0232422263721426,1.0351412103093718,0.9688261474722405,1.0018677800626514
1,native,tuning,maven/65536/namespaces-0,maven,65536,namespaces-0,0.9680783402629212,1.3240240020489555,1.3722176875116543,0.9563441393526237,0.9804471799891477
1,native,tuning,vulkan/65536/namespaces-0,vulkan,65536,namespaces-0,0.9832162606431091,1.1701216624767918,1.1900959222454583,0.9706279297801778,1.020447538226477
1,native,observed-holdout,qt/4096/namespaces-0,qt,4096,namespaces-0,0.9462905478689455,1.501918577138678,1.5873245129211724,0.9204158670371321,1.0112760400358067
1,native,observed-holdout,dotnet/4096/namespaces-1,dotnet,4096,namespaces-1,0.9964770083907951,1.0867045527392571,1.0925276400380082,0.9781221536398733,1.0505332611269058
1,native,tuning,batik/4096/namespaces-0,batik,4096,namespaces-0,1.0173713875103856,0.8216693118881017,0.8190117837083808,0.9790353430720776,1.0256379226111239
1,native,generated,namespaces/4096/namespaces-0,namespaces,4096,namespaces-0,0.9714494839397709,1.4052584894059488,1.449025027091244,0.9554323620064908,0.9850874322868197
1,native,observed-holdout,hadoop/65536/namespaces-1,hadoop,65536,namespaces-1,0.9793153794725581,1.3179934351148856,1.360029441145064,0.9629508881025565,1.0107374933155626
1,native,generated,entities/65536/namespaces-1,entities,65536,namespaces-1,0.7092140592479189,1.7644699645604733,2.4941213621759597,0.6805230154355016,1.0022920065718428
1,native,tuning,gtk/65536/namespaces-0,gtk,65536,namespaces-0,0.971685904756952,1.239122493708905,1.265219991939148,0.9343458770791554,1.0112407426194583
1,native,tuning,wayland/65536/namespaces-0,wayland,65536,namespaces-0,1.0030544031792366,0.9739189418511819,0.9683097602644359,0.9882975640397603,1.019593652835853
1,native,observed-holdout,libreoffice/65536/namespaces-0,libreoffice,65536,namespaces-0,0.9958507687047,1.4230373859235474,1.4454738868754853,0.9572321964564778,1.0141736613824992
1,native,observed-holdout,qt/65536/namespaces-0,qt,65536,namespaces-0,0.9448948551208722,1.492874981738911,1.5753648795326731,0.9411405566248263,0.9577161106372986
1,native,observed-holdout,libreoffice/4096/namespaces-1,libreoffice,4096,namespaces-1,0.99366788106912,1.5193933020345924,1.5531674192981966,0.8866758965137737,1.0790541836188412
1,native,tuning,batik/65536/namespaces-1,batik,65536,namespaces-1,1.0141993695595592,1.0059786091573821,0.987795994889125,0.9673796710833747,1.076189293852395
1,native,generated,elements/4096/namespaces-0,elements,4096,namespaces-0,0.9641734293017902,1.7074116034065019,1.7720024922773732,0.9471781691729199,0.9921979877042768
1,native,observed-holdout,dotnet/65536/namespaces-1,dotnet,65536,namespaces-1,0.9999542443121322,1.1030690539114356,1.103937243985334,0.9550135961188236,1.0963605549596054
1,native,generated,entities/4096/namespaces-0,entities,4096,namespaces-0,0.7115081321821294,1.7783464337371608,2.4994752884619906,0.7024270881137176,0.7387072420768938
1,native,tuning,docbook/65536/namespaces-1,docbook,65536,namespaces-1,0.9997757438097283,1.5493875889324138,1.5497351266278414,0.9832213157936748,1.0176420594666413
1,native,generated,elements/65536/namespaces-0,elements,65536,namespaces-0,0.9818831212139083,1.7028425279345465,1.7524511358786574,0.9261343162182464,1.029906384847909
1,native,observed-holdout,hadoop/65536/namespaces-0,hadoop,65536,namespaces-0,0.9741688404237653,1.3152406675075767,1.3553069778610383,0.9575051840384728,1.0101590555408508
1,native,tuning,gtk/65536/namespaces-1,gtk,65536,namespaces-1,0.970460738421165,1.2218394581206087,1.2583192201455675,0.963560328545878,0.9864983827336516
1,native,observed-holdout,musescore/65536/namespaces-0,musescore,65536,namespaces-0,0.9743338733687653,1.53617008750437,1.5774498851743228,0.9657604896629328,0.9836674503477224
1,native,tuning,docbook/4096/namespaces-1,docbook,4096,namespaces-1,0.9967134387883915,1.4249816502847292,1.4378862994334463,0.9884333985616532,1.0489593144011926
1,native,observed-holdout,hadoop/4096/namespaces-1,hadoop,4096,namespaces-1,0.9955398529910863,1.3341970070797056,1.3385331316856666,0.9821123463628694,1.0370546006469417
1,native,observed-holdout,dotnet/65536/namespaces-0,dotnet,65536,namespaces-0,0.9887656542915721,1.078104309628367,1.0884414331534051,0.9657055334912464,1.024388538719509
1,native,observed-holdout,musescore/65536/namespaces-1,musescore,65536,namespaces-1,0.9766930516384632,1.5526052762197033,1.5996342127537007,0.9566421654411289,1.001328721241925
1,native,generated,namespaces/65536/namespaces-0,namespaces,65536,namespaces-0,0.9739384438731771,1.4206980362732473,1.4585633282526895,0.9664691509084365,0.9989363209521909
1,native,tuning,docbook/65536/namespaces-0,docbook,65536,namespaces-0,0.9857541531159356,1.2728394781493484,1.288591032206801,0.943959529467009,1.0373635420907836
1,native,tuning,batik/65536/namespaces-0,batik,65536,namespaces-0,1.004162501750472,0.8851425700393226,0.878931897360311,0.9616074387857491,1.0337346298051957
1,native,tuning,maven/4096/namespaces-1,maven,4096,namespaces-1,0.9976514512826689,1.4693472427447305,1.441940015543458,0.9764998770124941,1.0562165792300346
1,python,observed-holdout,libreoffice/65536/pyexpat-events,libreoffice,65536,pyexpat-events,1.0047250860400263,1.2162714466711342,1.2102000824215104,0.9805728675617051,1.030201596873018
1,python,observed-holdout,hadoop/65536/elementtree,hadoop,65536,elementtree,1.0065504871482989,1.2140882367275307,1.1978307912372348,0.9868825082896809,1.1070843044211618
1,python,tuning,vulkan/4096/elementtree,vulkan,4096,elementtree,1.015109019952114,1.1557383391868037,1.1385361734263022,0.9401126039846547,1.0449178657982707
1,python,observed-holdout,libreoffice/4096/elementtree,libreoffice,4096,elementtree,0.9991337356158008,1.3394071973211352,1.3323838593970512,0.9713197264038594,1.0110441251184608
1,python,tuning,vulkan/4096/pyexpat-events,vulkan,4096,pyexpat-events,1.001375316937631,1.099924730772632,1.0974030005838111,0.9853914133451734,1.058316952167865
1,python,observed-holdout,hadoop/4096/pyexpat-events,hadoop,4096,pyexpat-events,0.9965555213145665,1.1516131252540494,1.165591985735565,0.9695643336137392,1.0093494028578494
1,python,tuning,wayland/65536/pyexpat-events,wayland,65536,pyexpat-events,0.9994869214129689,1.0264294639615343,1.0269563732864826,0.9193057872274537,1.0368986075085456
1,python,observed-holdout,musescore/4096/elementtree,musescore,4096,elementtree,1.0125129783251618,1.302887579776967,1.2851492289739022,0.9064025382763421,1.0652344069761512
1,python,observed-holdout,musescore/65536/elementtree,musescore,65536,elementtree,1.0114785719651924,1.2783432642024037,1.2786148369289356,0.9847199678764249,1.0277826680549578
1,python,tuning,wayland/4096/elementtree,wayland,4096,elementtree,1.0103306772505816,1.0317848003947352,1.0211709240016347,0.9786977447119876,1.0223005069596938
1,python,tuning,wayland/4096/pyexpat-events,wayland,4096,pyexpat-events,1.000704697057511,1.0270634391230236,1.0346556289196787,0.9820275168393623,1.0080211161784234
1,python,observed-holdout,qt/65536/pyexpat-events,qt,65536,pyexpat-events,1.0021405636665481,1.1267021431880908,1.11487396930809,0.9258154052968927,1.0803777959223637
1,python,observed-holdout,dotnet/65536/pyexpat-events,dotnet,65536,pyexpat-events,0.9917925085452238,1.0681708203752123,1.0796921396596215,0.9614264164654557,1.013926826453276
1,python,tuning,maven/65536/pyexpat-events,maven,65536,pyexpat-events,0.9802004970970158,1.2450954685301714,1.2839585040429184,0.9483283294871406,0.9923206120931173
1,python,observed-holdout,libreoffice/4096/pyexpat-events,libreoffice,4096,pyexpat-events,1.0051740552358919,1.2190251011901978,1.2180434998152205,0.9925085119272029,1.017815500054364
1,python,observed-holdout,dotnet/4096/pyexpat-events,dotnet,4096,pyexpat-events,0.9875336962198461,1.0625847878119872,1.069554002634275,0.932879310970372,1.0843670138651598
1,python,tuning,gtk/4096/pyexpat-events,gtk,4096,pyexpat-events,0.9868414986067747,1.1161776227492284,1.1341361056798132,0.9258995772985075,1.0130745270271941
1,python,tuning,vulkan/65536/elementtree,vulkan,65536,elementtree,1.0010226947043663,1.164265258410822,1.1630757869627184,0.9735861032130587,1.1034348355445998
1,python,tuning,docbook/4096/pyexpat-events,docbook,4096,pyexpat-events,1.002221354966075,1.2888575214761606,1.290092186581712,0.9802537461494284,1.0141542168836897
1,python,observed-holdout,hadoop/4096/elementtree,hadoop,4096,elementtree,1.0048620542420317,1.2637491258219984,1.2603207628815205,0.9850803222609823,1.017995724896738
1,python,tuning,maven/4096/pyexpat-events,maven,4096,pyexpat-events,0.9859994201001344,1.2148777066687315,1.2174015980178148,0.9786403899610623,1.0030796073445172
1,python,observed-holdout,qt/4096/pyexpat-events,qt,4096,pyexpat-events,0.9896290196289518,1.083546032179674,1.0957562451397052,0.9611779488746595,1.0087526880007007
1,python,observed-holdout,libreoffice/65536/elementtree,libreoffice,65536,elementtree,1.0161921041539832,1.3525311656214236,1.3280447492405862,0.9688283343756798,1.039227742506025
1,python,tuning,maven/4096/elementtree,maven,4096,elementtree,1.0115280193864207,1.3555630853771274,1.347167602461119,0.9628852948673197,1.033556935085701
1,python,tuning,batik/65536/pyexpat-events,batik,65536,pyexpat-events,1.0091689660834355,1.0447853325021206,1.0454798826487846,0.9364630685731605,1.0591315011008526
1,python,observed-holdout,dotnet/65536/elementtree,dotnet,65536,elementtree,0.9953292980020121,1.1280426047011785,1.122114820637867,0.9707364163141406,1.019864689896359
1,python,tuning,batik/65536/elementtree,batik,65536,elementtree,1.0139817532796984,1.0585657907493102,1.0423155084715192,0.9606069810521631,1.0831102034990134
1,python,tuning,vulkan/65536/pyexpat-events,vulkan,65536,pyexpat-events,1.0250128462727959,1.0828393402253491,1.0897423052580653,0.9789864702446734,1.0936433465277924
1,python,tuning,gtk/65536/pyexpat-events,gtk,65536,pyexpat-events,0.9979764055341543,1.1546937498780954,1.1650114748312086,0.8717261719100163,1.1137886917019877
1,python,tuning,wayland/65536/elementtree,wayland,65536,elementtree,1.0071225248048479,1.0138907631567209,1.0035228936206024,0.9906440007720068,1.0513845196354983
1,python,tuning,docbook/65536/elementtree,docbook,65536,elementtree,1.0108134162917177,1.3745191142614808,1.4095887821868613,0.7177706986903255,1.0618892417378996
1,python,observed-holdout,hadoop/65536/pyexpat-events,hadoop,65536,pyexpat-events,1.0075723668501648,1.153094795618227,1.1351161560253251,0.9907496300956063,1.0236976196203649
1,python,tuning,batik/4096/elementtree,batik,4096,elementtree,0.9879723508348527,1.0555764465174506,1.0632374346517646,0.9658709263665974,1.0230273898663491
1,python,observed-holdout,musescore/65536/pyexpat-events,musescore,65536,pyexpat-events,1.0124129555429475,1.1690309251248323,1.1532363194957918,0.9885935817513943,1.0326830541744154
1,python,tuning,gtk/65536/elementtree,gtk,65536,elementtree,0.9807863172972243,1.1642970262379118,1.188408113077938,0.975036099848205,1.026484479930218
1,python,observed-holdout,musescore/4096/pyexpat-events,musescore,4096,pyexpat-events,1.0051032935841167,1.2014170853050663,1.188298229855099,0.99383529968206,1.0880109122488066
1,python,tuning,maven/65536/elementtree,maven,65536,elementtree,1.0117979872026326,1.3238499227650122,1.314549628110819,0.9697348851393415,1.0419414202096713
1,python,observed-holdout,qt/4096/elementtree,qt,4096,elementtree,1.0022300725882833,1.3299904109126248,1.329546785222912,0.9709138138204723,1.006267206471915
1,python,tuning,docbook/65536/pyexpat-events,docbook,65536,pyexpat-events,1.000220422938224,1.3321343162824255,1.3227645847557834,0.9671479164344529,1.0362885187413022
1,python,tuning,docbook/4096/elementtree,docbook,4096,elementtree,0.9955891964024469,1.3281208946851948,1.3985714558545481,0.940130031839277,1.0423649432989257
1,python,observed-holdout,dotnet/4096/elementtree,dotnet,4096,elementtree,1.0046418797408396,1.1119693583341592,1.1071952397746785,0.9871456579601431,1.0199838355407311
1,python,tuning,batik/4096/pyexpat-events,batik,4096,pyexpat-events,0.9982448515030184,1.0543095009839043,1.064691341111337,0.9035771564047137,1.1309769124016988
1,python,tuning,gtk/4096/elementtree,gtk,4096,elementtree,0.976780653639855,1.199219647321127,1.2186549632642782,0.8561991953905198,1.0274553534029707
1,python,observed-holdout,qt/65536/elementtree,qt,65536,elementtree,1.0053341756885157,1.3324813128831183,1.339990537895835,0.9943960611658436,1.048336936379495
2,native,tuning,gtk/4096/namespaces-1,gtk,4096,namespaces-1,0.9699081303847708,1.1662067263979823,1.1917603642289414,0.9281073239598407,1.0246159275424984
2,native,generated,elements/65536/namespaces-0,elements,65536,namespaces-0,0.9648429125516969,1.6931655019602156,1.7507741043112037,0.9400146173005963,1.03453800349128
2,native,generated,text/65536/namespaces-0,text,65536,namespaces-0,0.9837362408357014,1.0232781055462004,1.039485188290522,0.9701247924685554,1.004453401012789
2,native,observed-holdout,hadoop/65536/namespaces-1,hadoop,65536,namespaces-1,0.9813695358006116,1.352801118146883,1.3751324859014518,0.9674827975946927,0.9994989735112556
2,native,tuning,maven/4096/namespaces-0,maven,4096,namespaces-0,0.9758044536229652,1.1986278522746103,1.2092627943104337,0.9630008731510379,1.024865828423699
2,native,tuning,batik/4096/namespaces-1,batik,4096,namespaces-1,1.018159900451081,0.89612792524601,0.8961637849534652,0.9654180762732228,1.0439257971559233
2,native,tuning,docbook/4096/namespaces-1,docbook,4096,namespaces-1,0.990909666060233,1.452403785260644,1.4657277398809416,0.9313662675552282,1.031933614707776
2,native,observed-holdout,musescore/4096/namespaces-1,musescore,4096,namespaces-1,0.974567309275034,1.5750342955751149,1.6169065997739476,0.9613045454921958,0.9763570704177476
2,native,observed-holdout,musescore/65536/namespaces-0,musescore,65536,namespaces-0,0.9761218710390261,1.4589354978731481,1.502819771401657,0.9681740179921777,1.0176810437344452
2,native,generated,namespaces/65536/namespaces-0,namespaces,65536,namespaces-0,0.9805745571269666,1.437095116371232,1.4627309910583293,0.9647445538916811,1.024549099960593
2,native,observed-holdout,libreoffice/65536/namespaces-1,libreoffice,65536,namespaces-1,1.0037786483099702,1.563954207982894,1.5531563760383218,0.981623297246377,1.0257471217809495
2,native,tuning,gtk/4096/namespaces-0,gtk,4096,namespaces-0,0.9684454574033322,1.1482128977648824,1.1734651957163962,0.9233086530662246,1.0127833205473833
2,native,tuning,wayland/4096/namespaces-0,wayland,4096,namespaces-0,1.0011739540748028,0.9829482195948894,0.9812580687619543,0.9928112356887729,1.0154756208453828
2,native,tuning,batik/65536/namespaces-1,batik,65536,namespaces-1,1.0178384728103567,1.0006404417058823,0.9925891745462214,0.9780480211697863,1.2177279073939733
2,native,generated,entities/4096/namespaces-1,entities,4096,namespaces-1,0.7032786480371315,1.7720521219573782,2.4862631591341544,0.6872900254683988,0.7227733440101972
2,native,generated,text/4096/namespaces-0,text,4096,namespaces-0,1.0030769361872043,1.030239698215689,1.0294258781709567,0.9772253838687972,1.0195298523575103
2,native,observed-holdout,hadoop/4096/namespaces-1,hadoop,4096,namespaces-1,0.9857108562495437,1.3470203158040357,1.3665471038121777,0.976049607692406,1.0844507108465096
2,native,tuning,maven/65536/namespaces-1,maven,65536,namespaces-1,0.9834206116327169,1.5506630752242072,1.5798734738949607,0.9650250638215715,1.0166828818951776
2,native,tuning,batik/65536/namespaces-0,batik,65536,namespaces-0,1.0275424952355285,0.9091880751329645,0.8896104707592717,0.9425347437149525,1.8678951416791283
2,native,generated,elements/4096/namespaces-0,elements,4096,namespaces-0,0.9587360227372809,1.6695794506025354,1.7714774997485623,0.8367273458323883,0.9870588038999764
2,native,generated,namespaces/4096/namespaces-1,namespaces,4096,namespaces-1,0.977359857586533,2.0987954038076633,2.1474131431900365,0.9288136953819467,0.9934709662249556
2,native,observed-holdout,dotnet/4096/namespaces-1,dotnet,4096,namespaces-1,0.9909143326974785,1.1041630995354066,1.1163291421912673,0.953038460275321,1.0337929415719878
2,native,generated,entities/4096/namespaces-0,entities,4096,namespaces-0,0.7100808430478376,1.7688221262509949,2.4862533642125224,0.7057589380695976,0.7248410606441399
2,native,tuning,wayland/65536/namespaces-1,wayland,65536,namespaces-1,1.0021015125108346,0.9899895767708702,0.9915288399241182,0.9756428235025268,1.0193246581189153
2,native,observed-holdout,qt/4096/namespaces-0,qt,4096,namespaces-0,0.9415906258370178,1.5196822983969993,1.6182639516329889,0.9266524836519776,1.00127498110395
2,native,observed-holdout,musescore/65536/namespaces-1,musescore,65536,namespaces-1,0.9742314449745498,1.5852064418427019,1.628553153169611,0.9524670062974749,0.9780723017042409
2,native,observed-holdout,qt/4096/namespaces-1,qt,4096,namespaces-1,0.9494882664831205,1.5380877640534312,1.625191812164571,0.9400364830815059,1.0030133243829404
2,native,observed-holdout,libreoffice/65536/namespaces-0,libreoffice,65536,namespaces-0,0.9893948606248496,1.4356053120828511,1.4691260153422323,0.9695111701923129,1.018028403436167
2,native,tuning,vulkan/4096/namespaces-0,vulkan,4096,namespaces-0,0.9757123658878845,1.2001170878433016,1.2272408173105152,0.97037669252355,1.0439772540429344
2,native,generated,elements/4096/namespaces-1,elements,4096,namespaces-1,0.9721172845035734,1.7449684152221114,1.7950184026541678,0.9639803836400134,0.9937066281526246
2,native,observed-holdout,musescore/4096/namespaces-0,musescore,4096,namespaces-0,0.965437183297258,1.5370772493735447,1.5897519548383232,0.9445072196928207,0.9805468926165464
2,native,observed-holdout,hadoop/65536/namespaces-0,hadoop,65536,namespaces-0,0.9833902721197929,1.3276549907630955,1.3517270923567304,0.9752154279049501,1.5951383793302099
2,native,generated,elements/65536/namespaces-1,elements,65536,namespaces-1,0.9794211868516186,1.7849101041408941,1.82409570439042,0.9475342140155041,1.0377548807986585
2,native,observed-holdout,libreoffice/4096/namespaces-0,libreoffice,4096,namespaces-0,0.9802139303895758,1.4418485204924398,1.4767819610853807,0.9573346926405129,0.9972425029521116
2,native,tuning,vulkan/4096/namespaces-1,vulkan,4096,namespaces-1,0.9754026022181871,1.2262912042774963,1.250709875070042,0.9589151164354563,1.0229686984022457
2,native,generated,text/65536/namespaces-1,text,65536,namespaces-1,1.0057063317335688,1.0386228393132957,1.036547423503134,0.9875184482265967,1.0342536034544993
2,native,tuning,vulkan/65536/namespaces-0,vulkan,65536,namespaces-0,0.9836495964340127,1.1804141117746194,1.2073747274404232,0.9675813339535151,0.9940653358082174
2,native,generated,namespaces/4096/namespaces-0,namespaces,4096,namespaces-0,0.9804137479857521,1.4548776530849945,1.4785207642056668,0.9703005515540154,1.0386056944930713
2,native,tuning,maven/65536/namespaces-0,maven,65536,namespaces-0,0.9644626147768667,1.3426483412043662,1.3824795222511808,0.9543594440027877,0.97475468960662
2,native,tuning,gtk/65536/namespaces-1,gtk,65536,namespaces-1,0.975774387974117,1.2575764535358482,1.294693637479542,0.9287236907484743,1.0310047858156195
2,native,tuning,docbook/4096/namespaces-0,docbook,4096,namespaces-0,0.9855480702307319,1.2051095677902546,1.2103754732856544,0.9461790178894016,1.0143614363608715
2,native,observed-holdout,dotnet/65536/namespaces-0,dotnet,65536,namespaces-0,0.9987152060724929,1.070900832541826,1.0795003830215395,0.977094382370851,1.0479014162855607
2,native,observed-holdout,qt/65536/namespaces-1,qt,65536,namespaces-1,0.9553812131843195,1.5196449190703716,1.590616288136273,0.9255894576093044,1.0193495032310065
2,native,tuning,batik/4096/namespaces-0,batik,4096,namespaces-0,1.0171683107608518,0.8137845461300399,0.8078893610513322,0.9821978591006081,1.0218063591678304
2,native,observed-holdout,dotnet/65536/namespaces-1,dotnet,65536,namespaces-1,0.9921414431129286,1.1078448074924114,1.0951322998797273,0.9680716372571805,1.061735745285644
2,native,tuning,wayland/65536/namespaces-0,wayland,65536,namespaces-0,0.9896160812934677,0.9758722550684946,0.986226024294049,0.9527163339446455,0.999022967375052
2,native,observed-holdout,dotnet/4096/namespaces-0,dotnet,4096,namespaces-0,1.0128057147100793,1.1080725024637026,1.085616156480481,0.9732943232208093,1.0519946783449812
2,native,generated,namespaces/65536/namespaces-1,namespaces,65536,namespaces-1,0.9741730825561722,2.092842708491796,2.146530788206309,0.9474359729142123,0.9804238370782294
2,native,tuning,vulkan/65536/namespaces-1,vulkan,65536,namespaces-1,0.9739100910910322,1.1980509839368474,1.2304635480128525,0.9659152876588409,0.9869050439353634
2,native,generated,text/4096/namespaces-1,text,4096,namespaces-1,0.9928125439421553,1.0251460506096262,1.0292827908789708,0.9870788141481552,1.010460313601005
2,native,observed-holdout,hadoop/4096/namespaces-0,hadoop,4096,namespaces-0,0.972487291403074,1.3070897696556323,1.3451766106673766,0.9422452024352541,1.036498668970051
2,native,tuning,wayland/4096/namespaces-1,wayland,4096,namespaces-1,0.9979836798423747,1.0065406308539457,1.0065879964447944,0.989349833343972,1.0154173945203377
2,native,observed-holdout,libreoffice/4096/namespaces-1,libreoffice,4096,namespaces-1,0.9889462688047216,1.5195665404027154,1.531622168242343,0.9825474401203884,1.012626294947178
2,native,generated,entities/65536/namespaces-0,entities,65536,namespaces-0,0.7136909747106815,1.7796295220951164,2.4897242999056206,0.7024507038438245,0.7184722114454412
2,native,observed-holdout,qt/65536/namespaces-0,qt,65536,namespaces-0,0.9443831583027678,1.5011892339255017,1.6031547266873618,0.8794725283981767,0.9523592487153844
2,native,tuning,maven/4096/namespaces-1,maven,4096,namespaces-1,0.9876802983954246,1.4469586905394127,1.454108667291815,0.9646249621796714,0.9984328560892068
2,native,tuning,docbook/65536/namespaces-0,docbook,65536,namespaces-0,0.9844905193398216,1.2526552408708005,1.2643545674442316,0.9626754791572618,1.0096342724509932
2,native,tuning,docbook/65536/namespaces-1,docbook,65536,namespaces-1,0.9958639552063958,1.5841546069781685,1.5796167220931472,0.9440911801253545,1.0242368023967297
2,native,generated,entities/65536/namespaces-1,entities,65536,namespaces-1,0.7051097630909874,1.7818802560095262,2.498298247414026,0.7024896555766075,0.7238300816649933
2,native,tuning,gtk/65536/namespaces-0,gtk,65536,namespaces-0,0.9814472638423902,1.242733889981365,1.2584593176867855,0.9587033175813295,1.9214831384375717
2,python,tuning,wayland/65536/elementtree,wayland,65536,elementtree,1.0145044437606343,1.0169297428053075,1.0030470035423447,0.9906029009622139,1.0580023522532191
2,python,tuning,vulkan/4096/pyexpat-events,vulkan,4096,pyexpat-events,0.9990011763420464,1.1110511621167252,1.1060344395572275,0.9924582113390439,1.0166280816934248
2,python,tuning,vulkan/4096/elementtree,vulkan,4096,elementtree,0.9794961755442555,1.141159287018926,1.1351895946270891,0.9746338811552495,1.0322431155092258
2,python,tuning,docbook/65536/pyexpat-events,docbook,65536,pyexpat-events,1.0003545671211425,1.3210545573663985,1.3188597245383573,0.9791988358352604,1.0477342358701798
2,python,observed-holdout,libreoffice/65536/pyexpat-events,libreoffice,65536,pyexpat-events,1.0066587584097635,1.2203635401845974,1.214110744478041,0.9519113796564754,1.05554756269019
2,python,tuning,gtk/4096/pyexpat-events,gtk,4096,pyexpat-events,1.0039052122469663,1.1287919759228582,1.1238341474478477,0.9724627548640349,1.0227836884363048
2,python,observed-holdout,dotnet/4096/elementtree,dotnet,4096,elementtree,1.0063839978822655,1.1106607136416171,1.114312873193826,0.9721670635077738,1.0149117259178377
2,python,observed-holdout,musescore/65536/elementtree,musescore,65536,elementtree,1.0082053811170715,1.288221687827669,1.2714599962897786,0.9903962555876368,1.185282824881841
2,python,tuning,gtk/65536/pyexpat-events,gtk,65536,pyexpat-events,0.9849615164923596,1.1613124943536002,1.1724481465097127,0.9657806959822011,1.0124371791758353
2,python,observed-holdout,musescore/4096/elementtree,musescore,4096,elementtree,1.0058034367071795,1.2779294993822072,1.2814117922028907,0.9880959079054157,1.029349923680661
2,python,tuning,maven/4096/pyexpat-events,maven,4096,pyexpat-events,0.9843525456894683,1.2219905396977575,1.2354397113968911,0.9730039274534972,1.0473000081403867
2,python,tuning,wayland/4096/elementtree,wayland,4096,elementtree,0.9870217919557034,1.0173082891309515,1.0262136521390977,0.9739324772641857,1.0380909343134141
2,python,tuning,batik/4096/pyexpat-events,batik,4096,pyexpat-events,0.9946944626803682,1.0386179263753694,1.0357794532296225,0.9737940983412016,1.096967010944967
2,python,tuning,batik/65536/elementtree,batik,65536,elementtree,1.0123717637512792,1.069929599300079,1.0502111866077728,0.9548514258301335,1.0370658396068397
2,python,observed-holdout,qt/65536/elementtree,qt,65536,elementtree,0.9971128275647698,1.321003349445337,1.3317202821320089,0.9735937483657634,1.055054106323223
2,python,tuning,docbook/4096/pyexpat-events,docbook,4096,pyexpat-events,0.9862281203033681,1.2828831296820833,1.303619942537868,0.9559785482988022,1.091722984213956
2,python,tuning,wayland/4096/pyexpat-events,wayland,4096,pyexpat-events,1.00391370665582,1.0363297022095195,1.0322896234395302,0.9212601582318682,1.0407125372580757
2,python,tuning,docbook/4096/elementtree,docbook,4096,elementtree,1.0098227154287986,1.4453296681862982,1.447389584279136,0.940140608406931,1.055261696884887
2,python,tuning,vulkan/65536/pyexpat-events,vulkan,65536,pyexpat-events,0.9859324718050411,1.1044903186420054,1.110068687532404,0.9629412913298256,1.0048106776381298
2,python,tuning,maven/4096/elementtree,maven,4096,elementtree,0.9919935109278967,1.3581296783101693,1.3703028341361128,0.9247199956640709,1.0213058309561331
2,python,observed-holdout,dotnet/65536/pyexpat-events,dotnet,65536,pyexpat-events,1.0030644124232517,1.0773976008614474,1.075153280186061,0.9838648669113493,1.0168667616047062
2,python,tuning,docbook/65536/elementtree,docbook,65536,elementtree,1.0004582259647004,1.4552289515501686,1.4241871241907123,0.9757487526884866,1.0389333586825138
2,python,observed-holdout,qt/65536/pyexpat-events,qt,65536,pyexpat-events,0.998846636141591,1.1123083353157313,1.118899930899603,0.9780507973080401,1.0145681365762858
2,python,tuning,gtk/4096/elementtree,gtk,4096,elementtree,0.9940705858333032,1.177470761642998,1.1878621905974185,0.9866932367196085,1.0406347805385066
2,python,observed-holdout,hadoop/4096/pyexpat-events,hadoop,4096,pyexpat-events,1.000258063081103,1.1501648177491903,1.1516844319924322,0.9787505498658295,1.0217236784207193
2,python,observed-holdout,hadoop/65536/pyexpat-events,hadoop,65536,pyexpat-events,0.9984956283535305,1.1426944837664268,1.1457451944330774,0.9914212652506951,1.0032641514131369
2,python,tuning,gtk/65536/elementtree,gtk,65536,elementtree,1.0097490864341339,1.1752200623860873,1.1638733603971894,0.9861009109050989,1.0458364205645447
2,python,observed-holdout,qt/4096/elementtree,qt,4096,elementtree,1.0040702010120905,1.3197273835211973,1.3165101440339584,0.9800418168232977,1.0181109832012392
2,python,observed-holdout,libreoffice/4096/elementtree,libreoffice,4096,elementtree,0.9969614362901333,1.3480359679822584,1.3501992011105917,0.9856420338305967,1.0095062988849137
2,python,observed-holdout,libreoffice/4096/pyexpat-events,libreoffice,4096,pyexpat-events,1.0065538873785798,1.2230439803554436,1.2069631906943745,0.99985537206393,1.036036040099075
2,python,tuning,maven/65536/elementtree,maven,65536,elementtree,1.0012186135376462,1.3293011058112416,1.3118762508450525,0.9903438731379144,1.039353053817856
2,python,tuning,batik/4096/elementtree,batik,4096,elementtree,1.0213197309999686,1.0498717152473929,1.0251559265792916,1.0132247694476622,1.0297923020413613
2,python,observed-holdout,dotnet/65536/elementtree,dotnet,65536,elementtree,1.0074362474943266,1.1219478444301991,1.1004305513776171,0.9982895946671857,1.0200941898974283
2,python,observed-holdout,musescore/4096/pyexpat-events,musescore,4096,pyexpat-events,1.0105813987680836,1.197116798359686,1.202340007816927,0.9810674614221689,1.0176621402236474
2,python,observed-holdout,libreoffice/65536/elementtree,libreoffice,65536,elementtree,0.9992426905206587,1.3214698559106668,1.3468323593700122,0.9690473906827565,1.0286739518530494
2,python,tuning,wayland/65536/pyexpat-events,wayland,65536,pyexpat-events,0.997902921038097,1.0207864175965566,1.0229315859048236,0.993614295454185,1.0165567647460754
2,python,observed-holdout,dotnet/4096/pyexpat-events,dotnet,4096,pyexpat-events,1.0045294728782483,1.0815099918813635,1.0766334100507229,0.9924499374030891,1.0113776213757255
2,python,tuning,vulkan/65536/elementtree,vulkan,65536,elementtree,1.0132377385760893,1.168030715144851,1.152770638790353,0.9864737460523482,1.0743628213487884
2,python,observed-holdout,musescore/65536/pyexpat-events,musescore,65536,pyexpat-events,1.0063177614444445,1.1985354702908269,1.2034663922022721,0.9786695732675058,1.0184234559242593
2,python,observed-holdout,qt/4096/pyexpat-events,qt,4096,pyexpat-events,0.9995792320430081,1.0855032993074931,1.0874310293507614,0.997313634446555,1.0039215158156674
2,python,tuning,maven/65536/pyexpat-events,maven,65536,pyexpat-events,0.9963973929531842,1.2575343363467004,1.26176246865902,0.9720835362883584,1.019610644943761
2,python,tuning,batik/65536/pyexpat-events,batik,65536,pyexpat-events,1.0283423393415747,1.036427945955675,1.0397203349332005,0.9271247379879685,1.1146326124883355
2,python,observed-holdout,hadoop/65536/elementtree,hadoop,65536,elementtree,1.0069883369943824,1.2101596581492893,1.209080280288197,0.9923108516964431,1.0126455700683161
2,python,observed-holdout,hadoop/4096/elementtree,hadoop,4096,elementtree,1.001773613757365,1.2621383163712303,1.2611988668970056,0.9805971774299519,1.0107611049049678
